"Int.l.Plan","VMail.Plan","VMail.Message","Id"
"no","yes",25,1
"no","yes",26,2
"no","no",0,3
"yes","no",0,4
"yes","no",0,5
"yes","no",0,6
"no","yes",24,7
"yes","no",0,8
"no","no",0,9
"yes","yes",37,10
"no","no",0,12
"no","no",0,13
"no","no",0,14
"no","no",0,15
"no","yes",27,17
"no","no",0,18
"no","yes",33,19
"no","no",0,20
"no","no",0,21
"no","no",0,23
"no","no",0,24
"no","no",0,25
"no","no",0,26
"no","yes",39,27
"no","no",0,28
"no","no",0,29
"no","no",0,30
"no","no",0,31
"no","no",0,32
"no","no",0,33
"no","yes",25,35
"no","yes",37,36
"no","yes",30,37
"no","no",0,38
"yes","yes",33,39
"no","no",0,40
"no","no",0,41
"no","no",0,43
"no","no",0,44
"no","no",0,45
"no","yes",28,46
"no","no",0,47
"no","no",0,48
"no","yes",24,50
"no","no",0,51
"no","no",0,52
"no","no",0,53
"no","no",0,54
"no","no",0,56
"no","no",0,57
"no","no",0,59
"no","no",0,60
"no","no",0,61
"no","yes",34,62
"no","yes",33,63
"no","yes",28,64
"no","no",0,65
"no","yes",41,66
"yes","no",0,67
"yes","no",0,68
"no","no",0,69
"no","no",0,71
"no","yes",46,72
"no","no",0,73
"no","no",0,74
"no","no",0,75
"no","no",0,76
"no","no",0,79
"no","no",0,80
"no","no",0,81
"yes","no",0,82
"no","yes",25,83
"no","yes",24,84
"no","yes",29,86
"no","no",0,88
"no","yes",35,89
"no","no",0,91
"no","no",0,93
"no","no",0,94
"no","no",0,95
"no","no",0,96
"no","no",0,97
"no","no",0,98
"no","yes",21,101
"no","no",0,102
"no","no",0,103
"no","no",0,104
"no","no",0,105
"no","no",0,106
"no","yes",29,107
"no","yes",21,108
"no","yes",32,109
"no","no",0,110
"no","no",0,111
"no","no",0,112
"no","no",0,113
"no","no",0,114
"no","no",0,115
"no","no",0,117
"no","yes",36,119
"no","no",0,120
"no","no",0,121
"no","yes",22,122
"no","no",0,123
"no","no",0,124
"no","no",0,125
"no","no",0,126
"no","no",0,129
"no","yes",36,130
"no","no",0,131
"no","no",0,132
"no","no",0,133
"no","no",0,134
"no","no",0,135
"yes","no",0,136
"no","yes",21,137
"no","no",0,138
"no","yes",36,139
"no","yes",23,140
"no","no",0,141
"no","yes",39,142
"no","yes",28,143
"no","no",0,144
"no","no",0,146
"no","no",0,147
"yes","no",0,148
"no","no",0,149
"no","yes",43,150
"no","no",0,151
"no","no",0,152
"no","no",0,153
"no","no",0,154
"no","no",0,155
"no","no",0,156
"no","yes",23,158
"no","no",0,159
"no","yes",24,160
"no","no",0,161
"no","no",0,162
"no","yes",36,163
"no","no",0,164
"no","no",0,165
"no","yes",33,166
"no","yes",31,167
"no","no",0,168
"no","yes",38,169
"no","no",0,170
"no","no",0,171
"no","yes",27,172
"no","no",0,173
"no","no",0,174
"no","no",0,175
"no","no",0,176
"no","no",0,177
"no","no",0,178
"no","no",0,179
"no","no",0,180
"yes","yes",23,181
"no","yes",36,183
"no","no",0,184
"yes","no",0,185
"no","no",0,186
"no","no",0,187
"no","no",0,188
"no","no",0,189
"no","no",0,190
"no","no",0,191
"no","no",0,192
"no","no",0,193
"no","no",0,194
"no","yes",23,195
"no","yes",23,196
"no","no",0,197
"no","no",0,200
"no","yes",24,201
"no","no",0,202
"no","no",0,203
"no","no",0,204
"no","no",0,205
"no","yes",36,206
"no","no",0,207
"no","no",0,208
"no","no",0,209
"no","no",0,210
"no","no",0,211
"yes","no",0,212
"no","yes",24,213
"no","yes",31,214
"no","no",0,216
"no","no",0,217
"no","no",0,218
"no","no",0,220
"no","no",0,221
"no","yes",22,222
"no","no",0,223
"no","no",0,224
"no","no",0,225
"no","no",0,226
"no","no",0,227
"no","yes",27,228
"no","yes",23,229
"no","yes",22,230
"yes","yes",36,232
"no","no",0,233
"no","no",0,234
"yes","no",0,235
"no","yes",40,237
"no","no",0,238
"no","no",0,239
"no","no",0,240
"no","no",0,241
"no","no",0,243
"no","no",0,244
"no","no",0,246
"no","yes",37,247
"no","no",0,248
"no","no",0,249
"no","yes",23,250
"no","no",0,252
"no","no",0,253
"no","yes",41,254
"yes","no",0,255
"no","yes",32,256
"no","no",0,257
"no","no",0,258
"no","no",0,260
"no","yes",25,261
"no","no",0,262
"no","no",0,263
"no","no",0,264
"no","no",0,265
"no","yes",30,266
"no","yes",28,267
"no","no",0,268
"no","yes",48,269
"yes","no",0,270
"no","no",0,271
"no","no",0,272
"no","yes",28,273
"no","no",0,274
"no","yes",28,275
"no","no",0,276
"yes","no",0,277
"no","yes",25,279
"yes","no",0,280
"no","no",0,281
"no","no",0,282
"no","yes",37,283
"no","yes",28,284
"no","no",0,285
"no","yes",24,286
"no","no",0,287
"no","no",0,288
"no","no",0,289
"no","yes",34,291
"no","no",0,292
"no","no",0,293
"no","yes",18,295
"no","no",0,296
"no","no",0,297
"no","no",0,298
"no","no",0,299
"no","no",0,300
"no","no",0,301
"no","no",0,304
"no","no",0,305
"no","no",0,306
"no","no",0,309
"no","no",0,310
"no","yes",38,312
"no","no",0,313
"no","no",0,314
"no","no",0,315
"no","no",0,316
"no","yes",28,317
"no","yes",29,318
"no","yes",21,319
"no","no",0,321
"no","yes",32,322
"no","no",0,323
"no","no",0,324
"no","no",0,325
"no","yes",30,326
"no","yes",35,327
"no","yes",33,328
"no","no",0,329
"no","no",0,330
"no","no",0,331
"no","no",0,334
"no","no",0,335
"no","yes",17,336
"no","no",0,337
"no","no",0,338
"no","no",0,339
"no","no",0,340
"no","no",0,342
"no","yes",34,343
"no","yes",21,344
"no","yes",37,345
"no","no",0,346
"no","yes",33,347
"no","no",0,348
"no","yes",41,349
"no","no",0,351
"yes","yes",38,352
"no","no",0,353
"no","no",0,354
"no","no",0,356
"yes","no",0,357
"no","yes",23,358
"yes","yes",39,359
"no","yes",29,360
"no","no",0,362
"no","yes",36,363
"no","no",0,364
"no","no",0,365
"no","no",0,367
"no","no",0,368
"no","no",0,369
"no","no",0,370
"no","no",0,371
"no","no",0,372
"no","no",0,374
"no","no",0,375
"no","yes",21,376
"no","no",0,377
"no","no",0,378
"no","no",0,380
"no","no",0,381
"no","no",0,382
"yes","no",0,383
"yes","yes",22,384
"no","no",0,385
"no","no",0,386
"no","no",0,387
"no","no",0,388
"no","no",0,389
"no","no",0,390
"no","no",0,391
"no","no",0,392
"no","no",0,393
"no","no",0,394
"no","yes",22,396
"no","no",0,397
"no","no",0,399
"no","yes",31,401
"no","no",0,402
"no","yes",26,403
"no","no",0,404
"no","no",0,405
"yes","no",0,406
"no","no",0,407
"yes","no",0,409
"no","no",0,410
"no","no",0,411
"no","no",0,412
"no","no",0,413
"no","no",0,414
"no","no",0,415
"no","no",0,418
"no","yes",34,419
"no","no",0,420
"no","yes",28,421
"no","no",0,422
"no","no",0,423
"no","yes",45,424
"no","yes",16,425
"yes","no",0,426
"no","no",0,427
"no","yes",40,428
"no","no",0,429
"no","no",0,430
"no","no",0,432
"no","no",0,433
"no","no",0,434
"no","yes",31,435
"no","yes",29,436
"no","no",0,437
"no","no",0,439
"no","no",0,440
"no","yes",27,441
"no","no",0,442
"no","yes",29,443
"no","no",0,444
"yes","no",0,445
"no","no",0,446
"no","no",0,447
"no","no",0,448
"no","no",0,449
"no","yes",21,450
"no","no",0,451
"no","yes",23,452
"no","no",0,453
"no","yes",20,454
"no","no",0,457
"no","no",0,458
"no","yes",28,459
"no","no",0,460
"no","no",0,461
"no","no",0,462
"no","yes",18,463
"no","no",0,464
"no","yes",23,465
"no","no",0,468
"no","yes",32,469
"no","yes",34,470
"no","no",0,471
"no","no",0,472
"no","no",0,473
"no","yes",20,475
"no","no",0,476
"no","no",0,477
"no","yes",23,478
"no","no",0,479
"no","no",0,480
"no","no",0,481
"no","no",0,482
"no","no",0,483
"no","no",0,484
"no","no",0,485
"no","yes",16,486
"yes","no",0,487
"no","no",0,488
"no","no",0,489
"no","no",0,490
"no","no",0,491
"no","yes",33,494
"no","no",0,495
"yes","no",0,496
"no","yes",36,497
"no","no",0,498
"no","no",0,500
"no","yes",23,501
"no","yes",28,502
"yes","yes",26,504
"no","no",0,505
"no","no",0,506
"no","yes",31,507
"no","yes",24,509
"no","yes",17,511
"no","no",0,512
"no","no",0,513
"no","yes",30,514
"no","yes",14,516
"no","no",0,517
"no","no",0,518
"no","no",0,519
"no","no",0,520
"no","no",0,521
"no","yes",27,523
"no","no",0,524
"no","no",0,525
"no","no",0,526
"no","no",0,527
"no","yes",22,528
"no","no",0,529
"yes","no",0,530
"no","yes",37,531
"no","no",0,532
"no","yes",38,533
"no","yes",36,534
"no","no",0,535
"no","no",0,536
"no","yes",40,537
"no","yes",22,538
"no","no",0,539
"no","no",0,540
"no","yes",28,541
"no","yes",29,542
"no","no",0,544
"no","yes",31,545
"no","yes",27,546
"no","yes",31,549
"no","yes",31,550
"no","no",0,552
"yes","no",0,554
"no","no",0,555
"no","yes",25,556
"no","no",0,557
"no","yes",20,558
"no","no",0,560
"no","no",0,561
"no","yes",18,562
"no","yes",28,563
"no","no",0,564
"no","yes",29,565
"no","no",0,566
"no","yes",37,567
"yes","no",0,568
"no","no",0,569
"no","no",0,571
"no","yes",26,572
"yes","no",0,573
"no","yes",31,574
"no","yes",36,576
"no","no",0,577
"no","no",0,578
"no","yes",30,579
"no","yes",21,580
"no","yes",25,582
"no","no",0,583
"no","no",0,584
"no","no",0,586
"yes","no",0,587
"no","no",0,588
"no","yes",14,590
"no","no",0,591
"no","no",0,592
"no","no",0,593
"no","yes",29,594
"no","no",0,595
"no","yes",28,596
"no","no",0,597
"no","no",0,598
"no","no",0,599
"no","yes",46,600
"no","no",0,601
"no","no",0,603
"no","no",0,604
"no","no",0,605
"no","no",0,607
"no","yes",29,608
"no","no",0,609
"no","no",0,610
"no","no",0,611
"no","no",0,612
"no","no",0,613
"no","yes",37,615
"no","yes",43,616
"yes","yes",35,617
"no","no",0,618
"no","no",0,619
"no","no",0,621
"no","no",0,622
"no","yes",33,623
"no","no",0,624
"no","no",0,625
"no","no",0,626
"no","no",0,628
"no","no",0,629
"no","no",0,631
"no","no",0,632
"no","yes",22,633
"no","yes",34,634
"no","no",0,635
"no","yes",27,636
"no","no",0,637
"no","yes",19,638
"no","yes",31,639
"no","no",0,640
"no","no",0,641
"no","no",0,642
"no","no",0,643
"no","no",0,644
"no","yes",24,645
"no","yes",22,646
"no","yes",28,647
"no","no",0,648
"no","yes",39,649
"no","no",0,651
"no","no",0,652
"no","yes",39,653
"no","yes",22,654
"no","yes",31,655
"no","no",0,657
"no","no",0,658
"no","no",0,659
"no","no",0,660
"no","yes",31,662
"no","no",0,663
"no","no",0,664
"no","no",0,665
"no","yes",22,666
"no","no",0,667
"no","no",0,668
"no","no",0,669
"no","yes",33,670
"no","yes",26,671
"no","yes",36,672
"no","no",0,673
"no","no",0,674
"no","no",0,675
"no","no",0,676
"no","no",0,677
"no","no",0,678
"no","no",0,679
"no","no",0,681
"no","no",0,682
"no","yes",38,683
"no","no",0,684
"no","no",0,685
"no","yes",32,686
"no","no",0,687
"no","no",0,688
"no","yes",21,689
"no","no",0,690
"no","no",0,691
"no","no",0,692
"no","no",0,693
"no","yes",29,694
"no","no",0,695
"no","no",0,696
"no","no",0,697
"no","no",0,698
"no","no",0,699
"no","no",0,700
"no","no",0,701
"no","no",0,702
"no","no",0,703
"no","yes",23,704
"no","no",0,705
"no","no",0,706
"no","no",0,707
"no","yes",42,708
"yes","yes",32,709
"no","no",0,710
"no","no",0,711
"no","no",0,712
"no","no",0,713
"no","no",0,714
"no","yes",22,715
"yes","yes",30,717
"no","no",0,718
"no","no",0,719
"no","no",0,720
"no","yes",38,721
"no","no",0,723
"no","no",0,724
"no","yes",36,725
"no","no",0,726
"no","no",0,727
"no","no",0,728
"no","yes",39,729
"no","yes",26,730
"no","no",0,732
"no","no",0,733
"no","yes",37,734
"yes","yes",20,735
"yes","no",0,736
"no","no",0,739
"no","no",0,740
"no","yes",20,741
"no","no",0,742
"no","yes",17,743
"no","no",0,744
"no","no",0,745
"no","yes",26,746
"no","no",0,747
"no","no",0,748
"no","no",0,749
"yes","no",0,750
"no","yes",32,751
"no","yes",29,752
"no","yes",23,753
"no","no",0,754
"no","no",0,755
"no","no",0,756
"no","no",0,757
"no","no",0,758
"no","yes",30,759
"no","yes",21,760
"no","no",0,761
"no","no",0,762
"yes","no",0,763
"no","yes",35,764
"no","yes",31,765
"no","no",0,766
"no","yes",26,768
"no","no",0,769
"no","no",0,770
"no","no",0,771
"no","no",0,773
"no","no",0,775
"no","no",0,776
"no","yes",20,777
"yes","yes",24,778
"no","yes",26,779
"yes","no",0,780
"yes","no",0,781
"yes","no",0,782
"no","yes",27,783
"yes","no",0,784
"no","yes",22,785
"no","no",0,786
"no","no",0,787
"no","no",0,789
"no","no",0,790
"yes","yes",45,791
"no","no",0,792
"no","no",0,794
"no","no",0,795
"no","no",0,796
"no","yes",32,797
"no","yes",22,799
"no","yes",26,800
"no","yes",27,801
"no","no",0,802
"no","no",0,803
"no","no",0,804
"no","no",0,805
"no","no",0,806
"no","no",0,807
"no","yes",30,808
"yes","yes",16,809
"no","yes",17,810
"no","no",0,811
"no","no",0,812
"no","no",0,813
"no","no",0,814
"no","yes",41,815
"no","no",0,817
"no","no",0,818
"no","no",0,819
"no","no",0,820
"no","yes",16,821
"no","no",0,822
"no","no",0,823
"no","yes",24,824
"no","no",0,825
"no","no",0,826
"yes","no",0,827
"no","no",0,828
"no","no",0,829
"no","no",0,830
"no","no",0,832
"no","no",0,834
"no","no",0,835
"no","no",0,836
"no","yes",31,837
"yes","yes",33,838
"no","yes",28,839
"no","yes",17,840
"no","no",0,841
"no","no",0,842
"yes","no",0,843
"no","no",0,844
"no","yes",19,845
"no","yes",51,846
"no","yes",31,848
"no","no",0,849
"no","no",0,850
"no","no",0,851
"no","no",0,853
"no","no",0,854
"no","yes",24,855
"no","no",0,856
"no","no",0,857
"no","no",0,858
"no","yes",37,859
"no","no",0,861
"no","no",0,862
"no","yes",38,863
"no","no",0,864
"no","no",0,865
"no","no",0,866
"no","yes",27,867
"no","no",0,868
"no","no",0,869
"yes","no",0,870
"no","no",0,871
"no","yes",43,873
"no","no",0,874
"no","no",0,875
"no","yes",15,876
"no","no",0,877
"yes","no",0,878
"no","no",0,879
"no","yes",33,880
"no","no",0,881
"no","no",0,882
"no","no",0,883
"no","no",0,884
"no","no",0,885
"no","yes",26,886
"no","yes",31,887
"no","no",0,888
"no","no",0,889
"no","no",0,890
"no","no",0,891
"no","no",0,892
"yes","no",0,894
"no","no",0,896
"no","no",0,897
"no","yes",35,898
"no","no",0,899
"no","yes",32,900
"yes","yes",29,901
"no","no",0,903
"no","no",0,904
"no","no",0,907
"no","yes",24,908
"no","no",0,909
"no","yes",25,910
"no","yes",32,911
"no","no",0,913
"no","yes",24,914
"no","no",0,916
"no","no",0,917
"no","no",0,918
"no","no",0,919
"no","no",0,920
"no","no",0,921
"no","no",0,922
"no","no",0,923
"no","no",0,924
"no","no",0,925
"no","no",0,926
"no","no",0,927
"no","yes",24,928
"no","yes",24,929
"no","no",0,930
"no","no",0,931
"no","no",0,932
"no","no",0,933
"no","no",0,935
"no","no",0,936
"no","yes",37,937
"no","no",0,938
"no","no",0,939
"no","no",0,940
"no","no",0,941
"no","no",0,942
"no","no",0,943
"no","no",0,944
"no","no",0,946
"no","yes",28,948
"no","no",0,949
"no","no",0,950
"no","no",0,951
"no","no",0,952
"no","no",0,953
"no","yes",39,954
"no","no",0,955
"no","yes",34,956
"no","yes",23,957
"yes","no",0,958
"no","yes",23,959
"no","no",0,960
"no","no",0,961
"no","no",0,962
"no","no",0,963
"no","yes",30,964
"no","yes",31,965
"no","no",0,966
"no","no",0,968
"no","no",0,970
"no","no",0,971
"no","no",0,972
"no","no",0,973
"no","no",0,974
"no","yes",31,975
"no","no",0,977
"no","no",0,980
"no","no",0,981
"no","yes",24,982
"no","yes",33,983
"no","no",0,984
"no","no",0,985
"no","yes",15,987
"no","no",0,989
"no","no",0,990
"no","yes",31,991
"no","yes",35,992
"no","yes",26,993
"no","no",0,994
"no","yes",33,995
"no","no",0,996
"no","no",0,997
"no","no",0,998
"no","no",0,999
"no","no",0,1000
"no","no",0,1002
"no","yes",32,1003
"no","yes",38,1004
"no","yes",27,1005
"yes","no",0,1006
"no","no",0,1007
"no","no",0,1008
"no","yes",42,1009
"no","no",0,1010
"no","no",0,1011
"no","no",0,1012
"no","no",0,1013
"no","no",0,1014
"no","no",0,1015
"no","no",0,1016
"no","no",0,1017
"no","no",0,1018
"no","no",0,1020
"no","yes",33,1021
"no","no",0,1022
"no","no",0,1023
"no","no",0,1024
"yes","no",0,1025
"no","yes",11,1026
"no","yes",28,1027
"no","no",0,1029
"no","no",0,1030
"no","no",0,1032
"no","no",0,1033
"no","no",0,1034
"no","no",0,1035
"no","no",0,1036
"no","yes",32,1037
"yes","no",0,1038
"no","no",0,1040
"no","no",0,1041
"no","yes",38,1042
"yes","yes",24,1043
"no","no",0,1044
"yes","no",0,1045
"no","no",0,1046
"no","no",0,1047
"no","no",0,1048
"no","no",0,1049
"no","no",0,1050
"no","yes",25,1051
"no","no",0,1052
"yes","no",0,1053
"no","no",0,1054
"no","no",0,1055
"no","no",0,1056
"no","no",0,1057
"no","yes",38,1058
"no","no",0,1059
"no","no",0,1060
"no","no",0,1061
"no","yes",31,1062
"no","yes",26,1063
"no","no",0,1064
"yes","yes",30,1065
"no","yes",29,1066
"no","yes",25,1067
"no","no",0,1068
"no","no",0,1069
"no","no",0,1070
"no","no",0,1071
"no","no",0,1072
"no","yes",25,1073
"no","no",0,1074
"no","no",0,1075
"no","no",0,1076
"no","yes",27,1077
"no","no",0,1080
"no","no",0,1081
"no","yes",19,1082
"no","no",0,1083
"yes","no",0,1084
"no","no",0,1085
"no","no",0,1086
"no","no",0,1087
"no","no",0,1088
"no","yes",42,1089
"no","no",0,1090
"no","no",0,1091
"no","no",0,1092
"no","no",0,1093
"no","no",0,1094
"no","no",0,1095
"no","no",0,1096
"no","no",0,1097
"no","yes",29,1098
"no","no",0,1099
"no","no",0,1100
"no","yes",35,1101
"no","no",0,1102
"no","no",0,1104
"no","no",0,1105
"no","no",0,1107
"no","yes",29,1108
"no","no",0,1109
"no","no",0,1110
"no","no",0,1111
"no","no",0,1112
"no","no",0,1113
"no","no",0,1114
"no","yes",15,1115
"no","no",0,1117
"yes","no",0,1118
"no","no",0,1119
"no","no",0,1120
"no","no",0,1121
"no","yes",24,1124
"no","no",0,1125
"no","no",0,1126
"no","yes",19,1127
"no","yes",19,1128
"yes","yes",31,1129
"no","no",0,1130
"no","no",0,1131
"no","yes",25,1132
"no","yes",37,1133
"no","no",0,1135
"no","yes",33,1136
"no","yes",34,1138
"no","no",0,1139
"no","no",0,1140
"no","yes",39,1141
"no","no",0,1142
"no","yes",29,1144
"no","no",0,1145
"no","no",0,1146
"no","no",0,1147
"no","yes",32,1148
"no","no",0,1149
"yes","no",0,1150
"no","yes",24,1152
"no","no",0,1153
"no","no",0,1154
"no","yes",26,1155
"no","no",0,1157
"no","no",0,1158
"yes","no",0,1159
"no","no",0,1160
"no","yes",28,1161
"yes","no",0,1162
"no","no",0,1163
"no","yes",30,1164
"no","yes",32,1165
"yes","yes",26,1166
"no","no",0,1167
"no","no",0,1168
"no","no",0,1169
"yes","no",0,1170
"no","no",0,1171
"no","no",0,1172
"no","no",0,1173
"no","no",0,1174
"no","yes",39,1175
"no","yes",32,1176
"no","no",0,1177
"no","no",0,1178
"no","yes",36,1179
"no","yes",23,1180
"no","no",0,1181
"no","yes",35,1182
"no","yes",32,1184
"no","no",0,1185
"no","no",0,1186
"no","yes",12,1187
"no","yes",26,1188
"no","no",0,1189
"no","yes",28,1190
"no","no",0,1191
"yes","no",0,1192
"no","no",0,1195
"no","no",0,1196
"no","no",0,1197
"no","no",0,1198
"no","yes",26,1199
"no","yes",33,1200
"no","yes",25,1201
"no","yes",35,1202
"no","no",0,1203
"no","yes",39,1204
"no","no",0,1206
"no","yes",25,1207
"no","yes",25,1208
"no","no",0,1209
"yes","yes",35,1210
"no","no",0,1211
"no","no",0,1212
"no","no",0,1213
"no","no",0,1214
"no","no",0,1215
"no","no",0,1216
"no","no",0,1217
"no","yes",31,1218
"no","yes",28,1219
"no","no",0,1220
"no","no",0,1221
"no","no",0,1222
"no","no",0,1223
"no","yes",31,1224
"no","no",0,1225
"no","no",0,1226
"no","no",0,1227
"no","yes",33,1228
"no","yes",37,1229
"no","no",0,1230
"no","no",0,1231
"no","no",0,1234
"no","no",0,1235
"no","no",0,1236
"no","no",0,1237
"no","no",0,1238
"yes","yes",24,1239
"no","no",0,1240
"no","no",0,1242
"yes","no",0,1243
"no","yes",35,1244
"no","yes",38,1245
"no","no",0,1246
"no","no",0,1247
"no","no",0,1248
"yes","no",0,1249
"no","no",0,1250
"no","no",0,1251
"no","no",0,1252
"no","no",0,1253
"yes","no",0,1254
"no","no",0,1256
"no","no",0,1257
"no","no",0,1258
"yes","no",0,1259
"no","yes",20,1260
"no","yes",22,1261
"no","no",0,1262
"no","no",0,1263
"no","no",0,1265
"no","yes",39,1266
"no","no",0,1267
"no","no",0,1268
"no","no",0,1269
"no","no",0,1271
"yes","yes",37,1272
"no","no",0,1273
"no","no",0,1275
"no","yes",27,1276
"no","yes",24,1278
"no","no",0,1280
"no","no",0,1282
"no","no",0,1283
"no","no",0,1284
"no","yes",46,1286
"no","yes",14,1287
"no","no",0,1288
"no","no",0,1289
"no","no",0,1290
"no","no",0,1291
"no","yes",30,1292
"no","no",0,1293
"no","no",0,1294
"no","no",0,1295
"no","no",0,1296
"no","no",0,1297
"no","yes",31,1298
"no","yes",22,1299
"no","no",0,1301
"no","no",0,1302
"no","no",0,1304
"no","no",0,1305
"no","no",0,1306
"no","no",0,1308
"no","no",0,1309
"yes","no",0,1310
"no","no",0,1312
"no","no",0,1313
"no","no",0,1314
"no","no",0,1315
"no","no",0,1316
"no","no",0,1317
"no","yes",29,1318
"no","no",0,1319
"no","no",0,1320
"no","yes",31,1321
"no","no",0,1322
"no","no",0,1324
"no","no",0,1325
"no","no",0,1327
"no","no",0,1329
"no","no",0,1330
"no","yes",29,1331
"no","no",0,1332
"no","yes",32,1333
"no","yes",30,1334
"no","no",0,1336
"no","no",0,1337
"no","no",0,1339
"no","no",0,1341
"no","yes",28,1342
"no","yes",24,1343
"no","no",0,1344
"no","no",0,1348
"no","no",0,1349
"no","yes",22,1350
"no","no",0,1352
"no","yes",16,1353
"no","no",0,1354
"no","no",0,1355
"no","yes",31,1356
"no","no",0,1357
"no","no",0,1358
"no","no",0,1359
"no","no",0,1361
"no","no",0,1362
"no","no",0,1363
"no","yes",31,1364
"no","no",0,1366
"no","no",0,1367
"yes","no",0,1368
"no","no",0,1369
"no","no",0,1370
"no","no",0,1371
"no","no",0,1372
"no","no",0,1373
"no","yes",32,1375
"no","yes",42,1376
"no","yes",34,1378
"yes","yes",43,1379
"no","no",0,1380
"no","no",0,1381
"no","no",0,1382
"no","yes",39,1383
"no","yes",21,1384
"no","no",0,1385
"no","no",0,1386
"no","yes",35,1387
"no","no",0,1388
"yes","no",0,1389
"no","no",0,1390
"no","no",0,1391
"no","yes",29,1392
"no","no",0,1394
"no","no",0,1395
"no","no",0,1396
"yes","yes",27,1397
"no","no",0,1398
"no","yes",19,1399
"no","no",0,1400
"no","no",0,1401
"no","no",0,1402
"no","no",0,1403
"no","no",0,1404
"no","yes",39,1405
"no","no",0,1407
"no","no",0,1409
"no","yes",30,1410
"no","no",0,1411
"no","no",0,1412
"no","yes",24,1413
"no","yes",20,1414
"no","no",0,1415
"no","no",0,1416
"no","no",0,1417
"no","no",0,1418
"yes","yes",37,1419
"no","no",0,1420
"no","yes",20,1422
"no","yes",31,1423
"yes","yes",28,1424
"no","no",0,1425
"no","no",0,1426
"no","yes",30,1427
"no","no",0,1428
"yes","no",0,1429
"no","yes",38,1430
"no","yes",34,1431
"no","no",0,1432
"no","no",0,1433
"no","no",0,1434
"no","yes",37,1435
"no","yes",26,1437
"yes","yes",34,1438
"no","no",0,1439
"no","no",0,1440
"no","no",0,1441
"no","yes",47,1442
"yes","no",0,1444
"no","no",0,1445
"no","yes",8,1446
"no","yes",28,1447
"no","no",0,1448
"no","no",0,1449
"no","no",0,1450
"no","no",0,1451
"no","yes",33,1452
"no","no",0,1453
"no","yes",40,1454
"no","no",0,1456
"no","yes",33,1457
"no","no",0,1458
"no","no",0,1459
"no","no",0,1460
"no","no",0,1461
"no","no",0,1462
"no","no",0,1463
"no","no",0,1464
"no","no",0,1465
"no","no",0,1466
"no","no",0,1467
"no","yes",27,1469
"no","yes",27,1470
"no","yes",41,1471
"no","no",0,1472
"yes","no",0,1474
"no","no",0,1475
"no","no",0,1476
"no","yes",35,1477
"no","no",0,1478
"no","no",0,1479
"no","yes",16,1480
"no","no",0,1481
"no","yes",34,1482
"no","no",0,1483
"yes","no",0,1484
"no","no",0,1486
"no","no",0,1487
"no","yes",44,1488
"no","no",0,1489
"no","no",0,1490
"no","no",0,1491
"no","no",0,1492
"no","no",0,1493
"no","no",0,1495
"no","yes",32,1496
"no","yes",36,1497
"no","no",0,1498
"no","no",0,1499
"no","no",0,1500
"no","no",0,1501
"no","no",0,1502
"no","yes",40,1503
"yes","yes",17,1504
"no","no",0,1505
"no","no",0,1506
"no","no",0,1507
"no","no",0,1508
"no","no",0,1509
"no","yes",40,1510
"no","no",0,1511
"no","no",0,1512
"no","yes",14,1513
"no","no",0,1514
"no","no",0,1515
"no","no",0,1516
"no","no",0,1518
"no","no",0,1519
"no","no",0,1520
"no","yes",35,1521
"no","no",0,1522
"no","no",0,1523
"no","no",0,1524
"no","yes",19,1525
"no","no",0,1526
"no","yes",23,1527
"no","no",0,1528
"no","no",0,1530
"no","no",0,1536
"no","no",0,1537
"yes","no",0,1540
"no","no",0,1541
"no","yes",36,1542
"yes","no",0,1543
"no","no",0,1544
"no","no",0,1545
"no","yes",38,1546
"no","no",0,1547
"no","no",0,1548
"no","no",0,1549
"no","no",0,1550
"no","no",0,1551
"no","no",0,1553
"no","no",0,1554
"no","no",0,1555
"no","yes",22,1556
"no","no",0,1557
"no","yes",32,1558
"no","yes",34,1559
"no","no",0,1560
"no","no",0,1561
"no","no",0,1562
"no","no",0,1563
"no","yes",39,1564
"no","no",0,1565
"no","no",0,1566
"no","yes",38,1567
"no","no",0,1568
"no","yes",27,1569
"no","yes",31,1570
"no","no",0,1571
"no","no",0,1572
"no","no",0,1573
"no","yes",14,1574
"yes","yes",40,1575
"no","yes",35,1576
"no","no",0,1577
"no","no",0,1578
"no","no",0,1579
"no","yes",38,1580
"no","yes",29,1581
"no","yes",34,1582
"no","no",0,1583
"no","yes",25,1584
"no","no",0,1585
"no","no",0,1587
"no","no",0,1588
"yes","no",0,1589
"no","no",0,1590
"no","yes",39,1591
"no","yes",29,1592
"no","no",0,1593
"no","yes",31,1595
"no","no",0,1596
"no","yes",49,1597
"no","no",0,1598
"no","yes",29,1599
"no","no",0,1600
"no","yes",26,1601
"yes","yes",44,1603
"no","yes",33,1604
"no","no",0,1605
"no","no",0,1606
"no","no",0,1607
"no","yes",19,1608
"no","yes",25,1609
"no","no",0,1610
"yes","no",0,1611
"no","yes",20,1612
"no","no",0,1613
"no","no",0,1614
"no","no",0,1616
"no","no",0,1617
"yes","no",0,1618
"no","yes",39,1619
"no","yes",35,1621
"no","yes",21,1622
"no","no",0,1623
"no","no",0,1624
"no","no",0,1625
"no","yes",38,1626
"no","no",0,1627
"no","no",0,1628
"no","no",0,1629
"no","no",0,1630
"no","no",0,1631
"no","no",0,1632
"no","no",0,1633
"no","no",0,1634
"no","no",0,1635
"no","yes",29,1637
"no","no",0,1638
"no","no",0,1640
"no","no",0,1641
"yes","no",0,1642
"no","no",0,1643
"no","no",0,1644
"no","no",0,1645
"no","yes",36,1646
"no","no",0,1648
"no","no",0,1649
"no","no",0,1650
"no","yes",31,1651
"no","yes",23,1653
"no","yes",12,1655
"no","no",0,1656
"no","yes",28,1657
"no","no",0,1658
"no","no",0,1659
"no","yes",36,1660
"no","no",0,1661
"no","yes",38,1662
"no","no",0,1664
"no","yes",33,1665
"no","yes",31,1666
"no","no",0,1667
"no","no",0,1668
"no","no",0,1669
"no","yes",35,1670
"no","yes",24,1671
"no","no",0,1672
"no","no",0,1673
"no","no",0,1674
"no","no",0,1676
"no","no",0,1677
"no","no",0,1678
"no","no",0,1679
"no","no",0,1681
"no","no",0,1682
"no","yes",29,1683
"no","yes",30,1684
"no","no",0,1685
"no","no",0,1686
"no","yes",40,1687
"no","no",0,1688
"no","no",0,1689
"no","yes",39,1690
"no","yes",15,1691
"no","yes",27,1694
"no","no",0,1696
"no","no",0,1697
"no","no",0,1698
"no","no",0,1699
"no","no",0,1700
"no","yes",32,1701
"no","yes",26,1704
"no","yes",29,1706
"no","no",0,1707
"no","yes",23,1709
"no","no",0,1710
"no","no",0,1711
"yes","yes",17,1712
"no","no",0,1713
"no","no",0,1715
"no","yes",36,1716
"no","yes",25,1717
"no","no",0,1718
"no","no",0,1720
"no","no",0,1721
"no","no",0,1722
"no","no",0,1723
"no","no",0,1724
"no","no",0,1725
"no","no",0,1726
"no","no",0,1727
"no","no",0,1728
"no","yes",23,1729
"no","yes",36,1730
"no","no",0,1731
"no","yes",43,1733
"no","no",0,1734
"no","no",0,1735
"no","no",0,1736
"no","no",0,1738
"no","yes",25,1739
"no","yes",31,1741
"no","no",0,1742
"no","no",0,1743
"no","no",0,1744
"no","yes",26,1745
"no","no",0,1746
"no","no",0,1748
"no","yes",23,1749
"no","no",0,1750
"no","no",0,1752
"no","no",0,1754
"yes","yes",15,1756
"yes","yes",39,1757
"yes","no",0,1758
"no","no",0,1759
"no","yes",35,1760
"no","no",0,1761
"no","yes",28,1762
"no","no",0,1763
"no","yes",42,1764
"no","no",0,1767
"no","yes",14,1768
"no","no",0,1770
"no","no",0,1771
"no","yes",39,1772
"no","no",0,1773
"yes","yes",40,1774
"no","no",0,1775
"no","yes",24,1776
"no","no",0,1777
"no","yes",39,1779
"no","no",0,1780
"no","no",0,1781
"no","yes",21,1782
"no","no",0,1783
"no","yes",29,1784
"no","yes",29,1786
"no","no",0,1787
"no","yes",31,1788
"no","yes",34,1789
"no","no",0,1790
"no","no",0,1791
"no","no",0,1792
"no","no",0,1793
"no","no",0,1794
"no","yes",29,1796
"no","no",0,1797
"no","yes",47,1798
"no","no",0,1799
"no","no",0,1800
"no","no",0,1801
"no","no",0,1802
"no","yes",36,1803
"no","no",0,1804
"no","no",0,1806
"no","no",0,1807
"no","no",0,1808
"no","no",0,1809
"no","no",0,1810
"no","no",0,1811
"no","no",0,1812
"yes","no",0,1813
"no","no",0,1814
"no","no",0,1815
"no","yes",42,1816
"no","no",0,1817
"no","no",0,1818
"no","no",0,1819
"no","yes",17,1820
"no","no",0,1821
"no","yes",39,1822
"no","no",0,1823
"no","yes",23,1824
"no","yes",26,1825
"no","no",0,1826
"no","no",0,1827
"no","no",0,1828
"no","no",0,1829
"no","yes",25,1830
"no","no",0,1831
"no","yes",42,1832
"no","no",0,1833
"no","no",0,1834
"no","yes",29,1835
"no","yes",37,1836
"no","yes",17,1837
"no","yes",26,1839
"no","no",0,1840
"no","yes",22,1841
"no","yes",21,1842
"no","no",0,1844
"no","yes",43,1847
"no","yes",39,1848
"yes","no",0,1849
"no","yes",25,1853
"no","no",0,1854
"no","no",0,1855
"no","no",0,1856
"no","no",0,1857
"no","no",0,1859
"no","no",0,1860
"no","no",0,1861
"yes","no",0,1864
"no","no",0,1865
"yes","yes",25,1868
"no","no",0,1869
"no","no",0,1871
"no","no",0,1872
"yes","no",0,1873
"no","yes",25,1874
"no","no",0,1875
"no","no",0,1876
"no","no",0,1877
"yes","no",0,1878
"no","no",0,1880
"yes","yes",33,1883
"no","yes",28,1884
"yes","yes",12,1885
"no","no",0,1886
"no","no",0,1887
"no","no",0,1889
"no","no",0,1891
"no","no",0,1892
"no","no",0,1895
"no","yes",21,1896
"no","no",0,1897
"no","yes",29,1898
"no","yes",40,1900
"no","no",0,1901
"no","no",0,1902
"no","no",0,1903
"no","no",0,1906
"no","yes",39,1907
"no","yes",28,1908
"no","yes",45,1909
"no","yes",36,1910
"no","no",0,1911
"no","no",0,1912
"no","no",0,1914
"no","yes",25,1915
"no","no",0,1916
"no","no",0,1917
"no","no",0,1918
"no","no",0,1919
"no","no",0,1921
"no","no",0,1922
"no","no",0,1923
"no","no",0,1924
"no","no",0,1925
"no","no",0,1926
"no","no",0,1927
"no","no",0,1928
"no","no",0,1929
"no","no",0,1930
"no","no",0,1931
"yes","no",0,1932
"no","no",0,1933
"no","no",0,1937
"no","yes",33,1938
"no","yes",30,1939
"no","no",0,1941
"no","no",0,1942
"no","no",0,1943
"no","no",0,1944
"no","yes",30,1945
"no","no",0,1946
"no","no",0,1947
"no","no",0,1948
"no","no",0,1949
"no","no",0,1950
"yes","yes",26,1952
"no","no",0,1953
"no","no",0,1954
"no","no",0,1956
"no","yes",30,1957
"no","no",0,1958
"no","no",0,1959
"no","yes",31,1960
"no","no",0,1961
"no","no",0,1962
"no","no",0,1963
"no","no",0,1964
"no","no",0,1965
"no","no",0,1967
"no","no",0,1968
"no","no",0,1969
"no","yes",20,1970
"no","no",0,1971
"no","yes",32,1972
"no","no",0,1973
"no","yes",21,1974
"no","no",0,1976
"no","yes",27,1977
"no","no",0,1980
"no","no",0,1981
"no","no",0,1982
"no","no",0,1983
"no","yes",4,1984
"no","yes",16,1986
"no","no",0,1987
"no","no",0,1988
"no","no",0,1989
"no","yes",30,1990
"no","no",0,1991
"no","no",0,1992
"no","no",0,1993
"no","no",0,1994
"no","no",0,1995
"no","yes",35,1996
"no","no",0,1997
"no","no",0,1998
"no","no",0,1999
"no","no",0,2000
"no","no",0,2001
"no","no",0,2003
"yes","no",0,2004
"no","no",0,2005
"no","no",0,2006
"no","yes",27,2007
"no","no",0,2008
"no","yes",33,2009
"no","no",0,2010
"no","no",0,2011
"no","no",0,2012
"no","no",0,2013
"no","no",0,2014
"no","no",0,2015
"no","no",0,2016
"no","no",0,2017
"no","yes",39,2018
"no","yes",22,2019
"no","yes",30,2020
"no","no",0,2021
"no","yes",26,2022
"no","no",0,2023
"no","no",0,2024
"no","yes",23,2025
"no","no",0,2026
"no","no",0,2027
"yes","yes",36,2028
"no","yes",37,2031
"no","no",0,2032
"no","no",0,2033
"no","no",0,2035
"no","no",0,2036
"no","no",0,2037
"no","no",0,2038
"no","yes",21,2040
"no","yes",15,2041
"no","yes",34,2042
"no","yes",26,2043
"no","no",0,2044
"yes","yes",30,2045
"no","no",0,2046
"no","no",0,2047
"no","no",0,2048
"no","yes",27,2049
"no","yes",27,2050
"no","no",0,2051
"yes","no",0,2052
"no","no",0,2053
"no","no",0,2054
"no","no",0,2055
"no","no",0,2056
"no","no",0,2057
"no","yes",16,2058
"no","no",0,2059
"no","yes",25,2061
"no","yes",34,2062
"no","no",0,2063
"no","no",0,2064
"no","no",0,2065
"no","no",0,2066
"no","yes",26,2067
"no","no",0,2068
"no","no",0,2069
"no","no",0,2071
"no","no",0,2072
"no","no",0,2073
"no","no",0,2074
"no","no",0,2075
"no","yes",28,2076
"no","no",0,2078
"no","no",0,2079
"no","no",0,2080
"no","no",0,2081
"no","no",0,2082
"no","yes",23,2083
"no","no",0,2084
"no","yes",24,2085
"no","no",0,2086
"no","no",0,2087
"no","no",0,2088
"no","no",0,2089
"no","no",0,2090
"no","yes",37,2091
"no","no",0,2092
"no","no",0,2093
"no","no",0,2094
"no","no",0,2095
"no","no",0,2096
"no","yes",28,2097
"no","no",0,2098
"no","no",0,2099
"no","yes",30,2101
"no","no",0,2102
"no","no",0,2103
"no","no",0,2105
"no","no",0,2106
"no","no",0,2109
"no","yes",19,2110
"no","yes",25,2111
"no","no",0,2112
"no","no",0,2115
"no","no",0,2117
"no","no",0,2118
"no","no",0,2121
"no","no",0,2122
"no","yes",27,2123
"no","no",0,2124
"no","no",0,2125
"no","yes",27,2126
"no","no",0,2127
"no","no",0,2128
"no","yes",26,2129
"no","yes",23,2130
"no","no",0,2131
"no","yes",31,2132
"no","no",0,2133
"no","yes",31,2134
"no","no",0,2135
"no","no",0,2136
"no","no",0,2137
"no","no",0,2138
"no","no",0,2139
"no","no",0,2141
"no","yes",29,2142
"no","no",0,2144
"no","no",0,2145
"no","no",0,2146
"yes","no",0,2147
"no","no",0,2149
"no","yes",33,2150
"no","no",0,2152
"yes","yes",26,2153
"no","no",0,2154
"yes","no",0,2155
"no","no",0,2157
"no","no",0,2158
"no","no",0,2160
"no","no",0,2162
"no","yes",35,2163
"no","no",0,2164
"no","no",0,2166
"no","no",0,2167
"no","no",0,2168
"no","no",0,2169
"no","no",0,2170
"no","no",0,2171
"no","no",0,2172
"no","no",0,2173
"no","no",0,2175
"no","no",0,2176
"no","no",0,2177
"no","no",0,2178
"no","no",0,2179
"no","yes",24,2180
"no","no",0,2181
"no","yes",29,2182
"no","yes",37,2183
"no","no",0,2184
"no","yes",31,2185
"no","no",0,2186
"no","no",0,2189
"no","no",0,2190
"no","yes",27,2191
"no","no",0,2192
"no","no",0,2193
"no","no",0,2194
"yes","yes",29,2195
"no","yes",34,2196
"no","yes",10,2197
"no","no",0,2198
"no","no",0,2199
"no","no",0,2200
"no","no",0,2201
"no","no",0,2202
"yes","yes",16,2203
"no","no",0,2205
"no","no",0,2206
"no","no",0,2207
"no","no",0,2208
"no","no",0,2209
"yes","no",0,2210
"no","yes",27,2212
"no","yes",36,2213
"no","no",0,2215
"no","no",0,2217
"no","yes",22,2218
"no","yes",28,2220
"no","no",0,2221
"no","no",0,2222
"no","yes",24,2223
"no","no",0,2224
"no","no",0,2225
"no","no",0,2226
"no","no",0,2227
"no","no",0,2228
"no","no",0,2229
"no","yes",25,2230
"yes","no",0,2231
"no","yes",33,2232
"no","no",0,2233
"no","no",0,2234
"no","no",0,2235
"no","yes",13,2236
"no","no",0,2237
"no","no",0,2240
"no","no",0,2241
"no","yes",29,2242
"no","no",0,2243
"no","no",0,2244
"no","no",0,2245
"no","yes",29,2246
"no","no",0,2247
"no","no",0,2248
"no","yes",20,2249
"no","no",0,2250
"no","no",0,2251
"no","no",0,2252
"no","no",0,2253
"yes","no",0,2254
"no","yes",28,2255
"no","no",0,2256
"no","no",0,2257
"no","yes",33,2258
"no","yes",31,2260
"yes","yes",25,2261
"no","no",0,2262
"no","yes",35,2263
"no","yes",26,2264
"no","no",0,2265
"no","yes",31,2266
"no","yes",37,2267
"no","yes",16,2269
"no","yes",37,2270
"no","no",0,2271
"no","no",0,2272
"no","no",0,2273
"no","no",0,2274
"no","yes",31,2275
"yes","no",0,2276
"no","no",0,2277
"no","no",0,2278
"no","no",0,2279
"no","no",0,2280
"no","yes",25,2281
"no","yes",38,2282
"no","no",0,2283
"no","no",0,2285
"no","no",0,2286
"no","yes",42,2287
"no","no",0,2288
"no","no",0,2289
"yes","yes",23,2290
"no","no",0,2292
"no","no",0,2293
"yes","yes",31,2294
"no","no",0,2295
"no","no",0,2296
"no","no",0,2297
"no","no",0,2298
"no","no",0,2299
"no","yes",27,2300
"no","no",0,2301
"no","no",0,2302
"no","no",0,2303
"no","no",0,2304
"no","yes",32,2305
"no","no",0,2306
"no","no",0,2307
"no","yes",33,2308
"no","no",0,2309
"yes","no",0,2310
"no","yes",25,2311
"no","no",0,2312
"no","no",0,2313
"no","no",0,2314
"no","yes",35,2315
"no","no",0,2316
"yes","no",0,2317
"no","no",0,2318
"no","no",0,2319
"no","yes",30,2320
"no","no",0,2321
"no","no",0,2322
"no","yes",35,2323
"no","no",0,2324
"no","no",0,2327
"no","no",0,2329
"no","no",0,2330
"no","no",0,2331
"no","yes",34,2332
"no","no",0,2333
"no","no",0,2334
"no","no",0,2335
"no","yes",37,2337
"no","no",0,2338
"no","no",0,2339
"no","no",0,2340
"no","yes",17,2341
"no","no",0,2342
"no","no",0,2343
"no","no",0,2345
"no","no",0,2346
"no","no",0,2347
"no","yes",20,2349
"no","no",0,2350
"no","no",0,2351
"no","no",0,2352
"no","no",0,2353
"yes","no",0,2354
"no","no",0,2356
"no","no",0,2359
"no","yes",31,2360
"no","no",0,2361
"no","no",0,2362
"no","no",0,2363
"no","no",0,2364
"no","yes",33,2365
"no","yes",29,2366
"no","yes",45,2367
"no","no",0,2368
"no","no",0,2369
"no","no",0,2371
"no","no",0,2372
"no","no",0,2373
"no","no",0,2374
"yes","no",0,2375
"no","no",0,2376
"no","no",0,2379
"no","no",0,2380
"no","yes",22,2382
"no","no",0,2383
"no","yes",30,2384
"yes","no",0,2385
"no","no",0,2386
"no","no",0,2391
"no","yes",19,2392
"no","no",0,2393
"no","yes",25,2394
"no","no",0,2395
"no","no",0,2396
"yes","no",0,2397
"no","no",0,2399
"no","no",0,2400
"yes","yes",39,2401
"no","no",0,2404
"no","no",0,2405
"no","no",0,2407
"no","no",0,2409
"no","yes",8,2410
"no","no",0,2411
"no","no",0,2412
"no","no",0,2414
"yes","no",0,2415
"no","no",0,2417
"no","no",0,2418
"no","no",0,2419
"no","yes",36,2423
"no","no",0,2424
"no","yes",15,2425
"no","yes",28,2426
"no","no",0,2427
"no","no",0,2428
"no","yes",21,2430
"no","yes",40,2431
"no","yes",31,2432
"no","no",0,2434
"no","no",0,2435
"no","yes",23,2436
"no","no",0,2437
"no","no",0,2439
"no","no",0,2440
"no","no",0,2441
"no","yes",13,2442
"no","yes",34,2443
"no","no",0,2444
"no","yes",31,2445
"no","no",0,2446
"no","no",0,2447
"no","no",0,2448
"no","no",0,2449
"no","no",0,2450
"no","no",0,2451
"no","no",0,2453
"no","yes",38,2454
"no","no",0,2455
"no","no",0,2456
"no","no",0,2457
"no","yes",45,2458
"no","yes",23,2459
"no","no",0,2460
"no","no",0,2461
"no","no",0,2462
"no","no",0,2463
"no","yes",11,2464
"no","yes",32,2465
"no","no",0,2466
"no","yes",38,2467
"yes","no",0,2468
"no","no",0,2470
"no","no",0,2471
"no","yes",23,2472
"no","yes",40,2474
"no","yes",22,2475
"no","no",0,2476
"no","no",0,2477
"no","no",0,2478
"no","yes",34,2479
"yes","no",0,2481
"no","no",0,2482
"no","no",0,2483
"no","yes",30,2484
"no","yes",39,2485
"no","yes",17,2486
"no","no",0,2487
"no","no",0,2488
"no","no",0,2489
"no","no",0,2491
"no","no",0,2492
"no","no",0,2493
"no","yes",21,2495
"no","no",0,2496
"no","yes",22,2497
"no","yes",32,2498
"no","no",0,2499
"no","no",0,2500
"no","yes",41,2501
"no","no",0,2502
"no","no",0,2503
"no","no",0,2504
"no","no",0,2505
"no","no",0,2506
"no","no",0,2507
"no","no",0,2508
"no","yes",20,2509
"no","no",0,2510
"no","no",0,2511
"no","no",0,2512
"no","yes",42,2513
"no","no",0,2514
"no","no",0,2515
"no","yes",19,2517
"yes","no",0,2518
"no","no",0,2519
"no","no",0,2520
"no","yes",28,2521
"no","no",0,2522
"no","no",0,2523
"no","no",0,2524
"no","no",0,2525
"no","no",0,2526
"no","no",0,2528
"no","no",0,2529
"no","no",0,2530
"no","no",0,2531
"no","no",0,2532
"no","no",0,2533
"no","no",0,2535
"no","no",0,2538
"no","no",0,2539
"no","yes",24,2541
"no","no",0,2542
"no","yes",28,2544
"no","no",0,2545
"no","no",0,2546
"no","no",0,2547
"no","no",0,2548
"no","yes",21,2549
"yes","no",0,2550
"no","no",0,2551
"no","no",0,2552
"no","no",0,2553
"no","no",0,2554
"no","no",0,2555
"no","no",0,2556
"no","no",0,2557
"no","no",0,2558
"no","no",0,2559
"no","yes",29,2560
"no","no",0,2561
"no","yes",33,2562
"no","no",0,2563
"no","no",0,2564
"no","no",0,2565
"no","no",0,2566
"no","no",0,2567
"yes","no",0,2569
"no","no",0,2570
"no","yes",43,2571
"no","no",0,2572
"no","no",0,2575
"no","yes",33,2577
"no","no",0,2578
"no","no",0,2579
"no","no",0,2580
"no","no",0,2581
"no","no",0,2583
"no","no",0,2584
"no","no",0,2585
"no","no",0,2586
"no","no",0,2587
"no","no",0,2588
"no","yes",37,2589
"no","no",0,2590
"no","yes",30,2591
"no","no",0,2593
"no","no",0,2594
"no","no",0,2597
"no","no",0,2598
"no","no",0,2599
"no","no",0,2601
"no","yes",30,2602
"no","yes",13,2604
"no","no",0,2605
"no","yes",38,2606
"no","no",0,2608
"no","yes",46,2609
"no","yes",24,2610
"no","yes",37,2611
"no","no",0,2612
"no","no",0,2613
"no","no",0,2614
"no","no",0,2616
"no","yes",33,2617
"no","no",0,2618
"yes","yes",27,2619
"no","no",0,2621
"no","yes",35,2622
"no","yes",16,2623
"no","no",0,2624
"no","no",0,2626
"no","yes",27,2627
"no","no",0,2628
"no","no",0,2629
"no","no",0,2631
"no","yes",22,2632
"no","yes",35,2633
"no","no",0,2634
"no","no",0,2635
"no","no",0,2636
"no","no",0,2637
"no","no",0,2638
"no","no",0,2639
"no","yes",33,2640
"no","yes",24,2641
"yes","yes",39,2642
"yes","yes",21,2643
"no","no",0,2644
"no","no",0,2645
"no","no",0,2647
"no","yes",23,2649
"no","no",0,2650
"no","no",0,2651
"no","no",0,2652
"no","no",0,2653
"no","yes",30,2654
"no","no",0,2655
"no","no",0,2656
"no","no",0,2657
"no","no",0,2658
"no","no",0,2659
"no","no",0,2660
"no","no",0,2662
"no","no",0,2664
"yes","no",0,2666
"no","yes",27,2668
"no","yes",21,2669
"no","no",0,2670
"no","yes",12,2671
"no","no",0,2672
"no","no",0,2675
"no","no",0,2676
"no","no",0,2677
"no","no",0,2679
"no","no",0,2680
"no","yes",28,2681
"yes","no",0,2683
"no","no",0,2684
"no","no",0,2685
"no","no",0,2686
"no","yes",44,2687
"no","no",0,2689
"no","no",0,2690
"no","no",0,2691
"no","no",0,2692
"yes","no",0,2693
"no","no",0,2694
"no","no",0,2696
"no","yes",41,2698
"no","no",0,2699
"no","no",0,2700
"yes","no",0,2702
"no","yes",20,2703
"no","no",0,2704
"no","no",0,2705
"no","no",0,2706
"no","no",0,2707
"no","no",0,2708
"no","yes",31,2710
"no","no",0,2712
"no","no",0,2713
"no","yes",24,2714
"no","yes",30,2715
"no","yes",28,2716
"no","yes",50,2717
"no","yes",38,2718
"no","no",0,2719
"no","yes",19,2720
"no","no",0,2721
"no","no",0,2722
"no","no",0,2723
"no","yes",24,2724
"no","no",0,2726
"no","no",0,2727
"yes","no",0,2728
"no","no",0,2729
"no","no",0,2730
"no","yes",27,2731
"no","no",0,2734
"yes","yes",30,2735
"no","yes",27,2737
"no","no",0,2738
"no","no",0,2739
"no","yes",9,2740
"no","no",0,2741
"no","no",0,2742
"no","yes",31,2743
"no","no",0,2744
"no","no",0,2745
"no","no",0,2747
"no","no",0,2749
"no","no",0,2750
"no","no",0,2751
"no","no",0,2752
"no","yes",39,2753
"no","no",0,2754
"no","yes",23,2755
"no","no",0,2756
"no","no",0,2757
"no","no",0,2758
"no","no",0,2759
"no","no",0,2760
"no","no",0,2762
"no","no",0,2763
"no","yes",19,2764
"no","yes",23,2765
"no","no",0,2766
"yes","no",0,2767
"no","yes",9,2768
"no","yes",44,2769
"no","no",0,2770
"no","yes",30,2771
"no","yes",31,2772
"no","yes",24,2776
"no","yes",30,2777
"no","no",0,2778
"no","no",0,2779
"no","no",0,2780
"no","no",0,2781
"no","no",0,2782
"no","no",0,2783
"no","yes",17,2784
"no","no",0,2788
"no","no",0,2789
"no","yes",27,2790
"no","yes",27,2791
"no","no",0,2792
"no","no",0,2793
"no","yes",27,2794
"no","no",0,2796
"no","no",0,2797
"no","no",0,2798
"no","no",0,2799
"no","no",0,2800
"no","no",0,2802
"no","no",0,2803
"no","no",0,2804
"no","no",0,2805
"yes","yes",28,2806
"no","no",0,2807
"no","no",0,2808
"no","yes",25,2809
"no","no",0,2810
"no","yes",42,2811
"no","no",0,2812
"no","yes",33,2813
"no","no",0,2814
"no","no",0,2815
"no","yes",23,2816
"no","no",0,2818
"yes","no",0,2819
"no","yes",27,2821
"no","no",0,2822
"yes","no",0,2823
"no","no",0,2824
"no","no",0,2826
"no","no",0,2827
"no","yes",26,2830
"no","no",0,2831
"no","no",0,2832
"no","no",0,2833
"no","no",0,2834
"no","no",0,2835
"no","yes",33,2836
"no","no",0,2837
"no","no",0,2838
"no","yes",35,2839
"no","yes",41,2841
"no","no",0,2842
"no","yes",20,2843
"no","no",0,2844
"no","no",0,2845
"yes","no",0,2846
"no","no",0,2847
"yes","yes",32,2848
"no","no",0,2849
"no","no",0,2850
"no","no",0,2851
"no","no",0,2852
"no","no",0,2853
"no","yes",21,2854
"no","no",0,2855
"no","no",0,2856
"no","no",0,2857
"no","no",0,2858
"no","yes",28,2859
"no","no",0,2860
"no","no",0,2861
"no","yes",19,2862
"no","yes",24,2863
"no","no",0,2864
"no","no",0,2865
"no","no",0,2867
"no","no",0,2868
"no","yes",20,2870
"no","no",0,2871
"no","no",0,2872
"no","no",0,2873
"no","no",0,2874
"no","yes",32,2876
"no","no",0,2877
"no","no",0,2878
"no","yes",19,2879
"no","yes",26,2880
"no","no",0,2881
"no","yes",20,2882
"no","no",0,2884
"no","no",0,2886
"no","no",0,2887
"no","yes",50,2888
"no","yes",36,2889
"no","no",0,2891
"no","no",0,2892
"no","yes",34,2893
"no","yes",27,2894
"no","no",0,2895
"yes","no",0,2896
"no","no",0,2897
"no","yes",32,2898
"no","no",0,2899
"no","yes",36,2900
"no","yes",15,2903
"no","yes",32,2904
"yes","no",0,2905
"no","no",0,2906
"no","yes",19,2907
"no","no",0,2908
"no","no",0,2910
"no","no",0,2911
"yes","no",0,2912
"no","no",0,2913
"no","no",0,2914
"no","yes",34,2915
"no","no",0,2916
"no","no",0,2917
"no","no",0,2918
"no","no",0,2919
"no","no",0,2920
"no","no",0,2921
"no","no",0,2922
"no","no",0,2923
"no","no",0,2924
"no","yes",23,2928
"no","no",0,2929
"no","no",0,2930
"no","no",0,2931
"no","no",0,2932
"no","no",0,2933
"yes","no",0,2934
"no","no",0,2936
"no","yes",40,2938
"no","no",0,2939
"no","no",0,2940
"no","no",0,2941
"no","yes",31,2942
"no","yes",19,2944
"no","no",0,2945
"no","no",0,2946
"no","yes",19,2947
"yes","no",0,2949
"yes","no",0,2950
"no","no",0,2952
"no","no",0,2954
"no","no",0,2955
"no","no",0,2956
"no","no",0,2957
"no","yes",20,2958
"no","no",0,2960
"no","no",0,2963
"no","yes",30,2964
"no","no",0,2966
"no","no",0,2967
"no","yes",20,2968
"no","no",0,2970
"no","yes",22,2971
"no","no",0,2974
"no","no",0,2975
"no","no",0,2976
"yes","no",0,2977
"no","no",0,2978
"no","no",0,2979
"no","no",0,2982
"no","no",0,2983
"no","no",0,2984
"no","no",0,2985
"no","no",0,2986
"no","yes",12,2987
"no","no",0,2989
"no","yes",28,2991
"yes","no",0,2992
"no","yes",24,2993
"no","no",0,2994
"no","yes",31,2996
"no","yes",34,2997
"no","yes",30,2998
"no","no",0,2999
"no","no",0,3000
"no","no",0,3001
"no","no",0,3002
"no","no",0,3004
"no","no",0,3005
"no","no",0,3006
"no","no",0,3007
"no","no",0,3008
"no","yes",31,3009
"no","yes",39,3010
"no","no",0,3011
"no","yes",37,3012
"no","no",0,3013
"no","no",0,3014
"no","no",0,3015
"no","yes",25,3016
"no","no",0,3017
"no","no",0,3018
"no","no",0,3019
"no","yes",23,3021
"no","no",0,3022
"no","yes",33,3023
"no","no",0,3025
"no","yes",22,3026
"no","yes",32,3027
"no","yes",28,3028
"no","no",0,3029
"no","yes",34,3030
"no","no",0,3031
"yes","no",0,3032
"no","no",0,3033
"no","no",0,3034
"no","yes",42,3035
"no","no",0,3037
"no","no",0,3038
"no","yes",28,3039
"no","no",0,3040
"no","no",0,3041
"no","no",0,3042
"no","no",0,3043
"no","no",0,3044
"no","no",0,3045
"no","no",0,3047
"no","no",0,3048
"no","no",0,3049
"no","no",0,3050
"no","no",0,3052
"no","no",0,3053
"no","no",0,3054
"no","no",0,3055
"no","no",0,3056
"no","no",0,3057
"no","no",0,3058
"no","no",0,3059
"no","yes",35,3060
"no","no",0,3061
"no","no",0,3062
"no","yes",31,3063
"no","yes",25,3064
"no","yes",29,3066
"no","no",0,3067
"no","no",0,3068
"no","yes",21,3069
"no","yes",26,3070
"no","yes",34,3072
"no","yes",38,3074
"no","no",0,3075
"no","yes",40,3076
"no","no",0,3077
"no","yes",29,3078
"no","no",0,3079
"no","no",0,3081
"no","no",0,3082
"no","no",0,3083
"no","no",0,3084
"no","no",0,3085
"yes","no",0,3086
"yes","no",0,3087
"no","no",0,3088
"no","yes",29,3089
"no","yes",30,3090
"no","no",0,3091
"no","no",0,3092
"no","no",0,3093
"no","no",0,3095
"no","yes",27,3096
"no","yes",36,3097
"no","no",0,3098
"no","no",0,3099
"no","no",0,3100
"no","no",0,3101
"no","yes",32,3102
"no","yes",32,3103
"no","no",0,3104
"no","yes",13,3105
"no","no",0,3106
"no","yes",26,3107
"no","no",0,3108
"no","yes",30,3109
"yes","no",0,3110
"no","yes",28,3111
"no","yes",32,3112
"no","no",0,3115
"no","no",0,3116
"no","no",0,3117
"no","no",0,3118
"no","yes",33,3119
"no","no",0,3120
"no","yes",21,3121
"no","no",0,3122
"no","no",0,3123
"no","yes",17,3124
"no","yes",24,3125
"no","no",0,3127
"no","no",0,3129
"no","yes",16,3130
"no","yes",25,3131
"no","no",0,3132
"no","no",0,3134
"no","no",0,3135
"no","no",0,3136
"no","yes",36,3137
"no","no",0,3138
"no","no",0,3139
"no","no",0,3140
"no","no",0,3141
"no","yes",31,3142
"no","no",0,3143
"no","no",0,3144
"no","no",0,3146
"no","no",0,3147
"no","no",0,3148
"no","no",0,3150
"no","yes",14,3151
"no","no",0,3153
"no","no",0,3154
"no","yes",47,3155
"no","no",0,3156
"no","no",0,3157
"no","no",0,3159
"no","no",0,3160
"no","no",0,3161
"no","no",0,3162
"no","no",0,3163
"no","yes",30,3164
"no","no",0,3165
"no","yes",44,3166
"no","no",0,3168
"no","no",0,3171
"no","no",0,3172
"no","no",0,3173
"no","no",0,3174
"no","yes",43,3175
"no","yes",28,3176
"no","no",0,3177
"no","yes",41,3178
"no","no",0,3179
"no","no",0,3180
"yes","no",0,3181
"no","no",0,3182
"no","no",0,3183
"no","no",0,3184
"no","no",0,3185
"no","no",0,3186
"no","no",0,3187
"no","yes",39,3188
"yes","no",0,3189
"no","yes",37,3193
"no","no",0,3194
"no","yes",41,3195
"no","yes",29,3196
"no","no",0,3197
"no","no",0,3198
"no","yes",32,3199
"no","no",0,3200
"yes","no",0,3201
"no","yes",32,3202
"no","no",0,3203
"no","yes",40,3204
"no","no",0,3205
"no","no",0,3207
"no","yes",22,3208
"no","no",0,3209
"yes","no",0,3211
"no","no",0,3212
"no","yes",38,3213
"no","no",0,3214
"yes","no",0,3215
"no","yes",31,3216
"no","yes",24,3217
"no","yes",30,3218
"no","yes",18,3219
"no","yes",35,3220
"no","yes",12,3221
"no","no",0,3222
"yes","yes",29,3223
"no","no",0,3224
"no","no",0,3226
"no","no",0,3228
"no","no",0,3229
"no","no",0,3230
"no","no",0,3231
"no","yes",27,3232
"no","no",0,3233
"no","no",0,3234
"no","yes",28,3235
"no","yes",25,3236
"no","yes",34,3237
"yes","no",0,3238
"no","yes",33,3240
"no","no",0,3241
"no","yes",30,3243
"no","no",0,3245
"no","no",0,3246
"no","no",0,3249
"no","no",0,3250
"no","no",0,3251
"no","no",0,3252
"no","no",0,3253
"no","yes",24,3254
"no","yes",30,3255
"no","no",0,3257
"no","no",0,3258
"no","no",0,3259
"no","no",0,3260
"no","no",0,3261
"no","no",0,3262
"no","no",0,3263
"no","no",0,3264
"no","yes",24,3265
"no","yes",33,3267
"no","no",0,3268
"yes","no",0,3270
"no","no",0,3271
"no","no",0,3272
"no","no",0,3274
"no","no",0,3275
"no","yes",27,3276
"no","yes",22,3277
"no","no",0,3278
"no","no",0,3279
"no","yes",43,3280
"no","no",0,3282
"no","yes",31,3283
"no","no",0,3284
"no","yes",27,3285
"no","no",0,3286
"no","yes",30,3287
"no","no",0,3289
"no","no",0,3290
"no","no",0,3291
"no","no",0,3293
"no","no",0,3294
"no","no",0,3295
"no","no",0,3296
"no","no",0,3297
"no","yes",33,3298
"no","no",0,3299
"no","no",0,3300
"no","yes",21,3301
"yes","no",0,3303
"no","yes",26,3304
"no","yes",22,3306
"no","yes",29,3307
"no","no",0,3308
"no","no",0,3309
"yes","no",0,3310
"no","no",0,3311
"no","no",0,3312
"no","no",0,3313
"no","no",0,3314
"no","no",0,3315
"no","yes",18,3316
"no","yes",29,3317
"yes","no",0,3318
"no","no",0,3319
"no","no",0,3320
"no","no",0,3322
"no","no",0,3325
"no","no",0,3326
"no","no",0,3327
"no","no",0,3328
"no","yes",36,3329
"no","no",0,3330
"no","no",0,3331
"yes","no",0,3332
"no","yes",25,3333
